{
  "swagger": "2.0",
  "info": {
    "version": "v1",
    "title": "sff-x-api"
  },
  "schemes": [
    "http"
  ],
  "paths": {
    "/account/{id}": {
      "post": {
        "description": "create account partyccount",
        "consumes": [
          "application/json"
        ],
        "parameters": [
          {
            "in": "body",
            "name": "account",
            "description": "account creation request body",
            "required": true,
            "schema": {
              "$ref": "#/definitions/account"
            }
          },
          {
            "in": "path",
            "name": "id",
            "required": true,
            "type": "string"
          }
        ],
        "responses": {
          "200": {
            "description": "success",
            "schema": {
              "$ref": "#/definitions/inline_response_200"
            }
          },
          "400": {
            "description": "bad request",
            "schema": {
              "$ref": "#/definitions/inline_response_400"
            }
          }
        }
      }
    }
  },
  "definitions": {
    "account": {
      "type": "object",
      "properties": {
        "name": {
          "type": "string",
          "example": "franck"
        },
        "lastname": {
          "type": "string",
          "example": "teguia"
        },
        "code": {
          "type": "string",
          "example": "fkt"
        },
        "birthay": {
          "type": "string",
          "format": "date",
          "example": "2019-11-18"
        }
      }
    },
    "inline_response_200": {
      "type": "object",
      "properties": {
        "status": {
          "type": "string",
          "example": "ok"
        },
        "description": {
          "type": "string",
          "example": "request success"
        },
        "timestamp": {
          "type": "string",
          "format": "date-time",
          "example": "2019-09-05T08:12:10.198Z"
        }
      }
    },
    "inline_response_400": {
      "type": "object",
      "properties": {
        "status": {
          "type": "string",
          "example": "ko"
        },
        "description": {
          "type": "string",
          "example": "bad request"
        }
      }
    }
  },
  "host": "https://anypoint.mulesoft.com",
  "basePath": "/mocking/api/v1/links/7c6c21e7-5983-43d1-9361-74ab97047f86/"
}